LP,Year,State,Cost Center,DNT,VIN #,Unit #,Color,Make,Model,Start Date,End Date
-,2021,TX,5823,G503100917413,,,WHITE,-,-,02/12/2022,-
00461D3,2018,CA,5829,10300035679517,3N6CM0KN9JK690168,1057,BLACK,NISSAN,NV200,01/01/2021,-
00467D3,2020,CA,5923,10300035679699,3N6CM0KNXLK692577,2911,BLACK,NISSAN,NV200,01/01/2021,-
00483D3,2017,CA,5826,10300030928422,3N6CM0KN6HK721435,1003,BLACK,NISSAN,NV200,01/01/2021,-
049N17,2018,NV,5929,-,3N6CM0KN8JK697581,1075,WHITE,NISSAN,NV200,01/01/2021,-
109U96,2017,TX,5803,12134031,3N6CM0KN1HK698503,1001,BLACK,NISSAN,NV200,01/01/2021,-
109V02,2017,TX,5863,12032901,3N6CM0KNXHK721244,1016,BLACK,NISSAN,NV200,01/01/2021,-
109V09,2018,TX,5810,12032910,3N6CM0KN0JK690799,1029,WHITE,NISSAN,NV200,01/01/2021,-
13296F3,2021,CA,5844,10300036116477,3N6CM0KN1MK692288,P21019,BLACK,NISSAN,NV200,01/01/2021,-
13764F3,2021,CA,5829,10300036114100,3N6CM0KNXMK691012,P21070,WHITE,NISSAN,NV200,01/01/2021,-
17441Z2,2019,CA,5929,10300035679541,1C6RR6FG6KS633539,1101,BLACK,RAM,1500 CLASSIC,01/01/2021,-
1ASL41U,2021,ID,5918,-,3N6CM0KN1MK691187,P21073,WHITE,NISSAN,NV200,01/01/2021,-
21880D3,2020,CA,5828,-,3N6CM0KN0LK703179,P21030,WHITE,NISSAN,NV200,01/01/2021,-
23075C3,2020,CA,5804,10300035679475,3N6CM0KN9LK701138,P20024,WHITE,NISSAN,NV200,01/01/2021,-
23732X2,2020,CA,5828,10300035679723,3N6CM0KN3LK695725,2914,WHITE,NISSAN,NV200,01/01/2021,-
23737X2,2020,CA,5829,10300035679731,3N6CM0KN7LK696117,2915,BLACK,NISSAN,NV200,01/01/2021,-
23741X2,2020,CA,5826,03063705,3N6CM0KNXLK695270,2916,BLACK,NISSAN,NV200,01/01/2021,-
289EKL,2021,IN,5872,-,3N1AB8DV1MY326763,P21086,BLACK,NISSAN,SENTRA,01/01/2021,-
2976172B,2020,IL,5880,3301170134,3N6CM0KN6LK699378,8004,BLACK,NISSAN,NV200,01/01/2021,-
2CEU10,2021,MO,5884,-,3N6CM0KN6MK695316,P21014,BLACK,NISSAN,NV200,01/01/2021,-
2CT4057,2021,AL,5933,25575484,3N6CM0KN7MK695292,P21010,BLACK,NISSAN,NV200,01/01/2021,-
2EC0181,2019,MD,5825,3301170137,3N6CM0KN5KK710966,1802AC,BLACK,NISSAN,NV200,01/01/2021,-
30878N2,2018,CA,5829,10300035679533,3N6CM0KN5JK704552,1085,WHITE,NISSAN,NV200,01/01/2021,-
3160763B,2021,IL,5932,-,3N6CM0KN7MK694823,P21029,WHITE,NISSAN,NV200,01/01/2021,-
3160776B,2021,IL,5868,3301188698,3N6CM0KNXMK694847,P21066,BLACK,NISSAN,NV200,01/01/2021,-
33398V7,2021,ID,5819,-,KL4CJESM9MB376949,M21067,WHITE,BUICK,ENCORE,01/01/2021,-
35047P2,2022,TN,M21069,-,KL4MMCSL8NB038323,M21069,BLACK,BUICK,ENCORE,01/01/2021,-
350M66,2020,NV,5929,10300038840983,5N1AT2MT8LC796314,9629,BLACK,NISSAN,ROGUE,01/01/2021,-
354M94,2020,NV,5895,-,1N6BF0KM2LN801881,20201,BLACK,NISSAN,NV CARGO NV1500,01/01/2021,-
35854S9,2022,TX,M21072,02809698,KL4MMCSL3NB037368,M21072,BLACK,BUICK,ENCORE,01/01/2021,-
36171G3,2021,CA,5828,10300036114506,3N6CM0KNXMK695206,P21068,BLACK,NISSAN,NV200,01/01/2021,-
37357C9,2021,IN,P21006,3301163822,ZFBHRFAB8M6V38110,P21006,WHITE,RAM,PROMASTER CITY,01/01/2021,-
37357N6,2021,IN,C18005,3301163823,ZFBHRFAB4M6V38105,C21105,WHITE,RAM,PROMASTER CITY,01/01/2021,-
37357T9,2021,TX,P21108,02805943,ZFBHRFAB0M6V38117,P21108,WHITE,RAM,PROMASTER CITY,01/01/2021,-
37358A3,2021,CO,P21107,5694963,ZFBHRFAB0M6V34813,P21107,BLACK,RAM,PROMASTER CITY,01/01/2021,-
37358G7,2021,TX,P21109,02805922,ZFBHRFABXM6V38125,P21109,WHITE,RAM,PROMASTER CITY,01/01/2021,-
37672G1,2022,TX,Unassigned,03063708,3N1AB8CV9NY213288,-,BLACK,NISSAN,SENTRA,01/01/2021,-
37818L1,2021,TX,Unassigned,03063706,ZFBHRFAB5M6V40591,P21114,WHITE,RAM,PROMASTER CITY,01/01/2021,-
37819D8,2021,TX,5886,03063372,ZFBHRFAB3M6V38161,P21115,WHITE,RAM,PROMASTER CITY,01/01/2021,-
37819L8,2021,TX,5935,03066594,ZFBHRFAB5M6V35892,P21111,BLACK,RAM,PROMASTER CITY,01/01/2021,-
37819S3,2021,TX,5801,02809661,ZFBHRFAB6M6V39174,P21110,BLACK,RAM,PROMASTER CITY,01/01/2021,-
38283G6,2021,TX,Unassigned,03063392,ZFBHRFAB7M6V40589,-,WHITE,RAM,PROMASTER CITY,01/01/2021,-
40784W2,2021,FL,5841,03301163790,ZFBHRFAB0M6V39977,C21184,WHITE,PROMASTER CITY,RAM,01/25/2022,-
41055T3,2021,TX,9099,02110964,1C4JJXFG8MW866739,M21005,WHITE,PROMASTER CITY,RAM,01/24/2022,-
41882P9,2021,TX,5802,02110959,ZFBHRFAB4M6V35284,P21126,WHITE,PROMASTER CITY,RAM,02/09/2022,-
41882Z1,2021,FL,5885,03301163796,ZFBHRFAB5M6V39201,P21119,WHITE,PROMASTER CITY,RAM,02/07/2022,-
41883G2,2021,TX,5935,G503100917397,ZFBHRFAB3M6V40587,P21124,WHITE,RAM,Promaster City,02/12/2022,-
41883N1,2021,TX,5928,DFW. 02253687,ZFBHRFABXM6V35290,P21120,WHITE,PROMASTER CITY,RAM,02/08/2022,-
41883U4,2021,NC,5819,03301163830,ZFBHRFAB2M6V40595,P21118,WHITE,PROMASTER CITY,RAM,02/07/2022,-
41954K7,2021,TX,5801,DFW. 03226073,1FMCU0G60MUB34304,M21072,BLUE,FORD,ESCAPE,02/02/2022,-
41968T3,2021,CA,5845,10300036594392,ZFBHRFAB0M6V38151,C21191,WHITE,PROMASTER CITY,RAM,02/15/2022,-
42356U4,2021,CA,5940,10300038840884,ZFBHRFAB3M6V39956,P21122,WHITE,PROMASTER CITY,RAM,02/17/2022,-
42357D1,2021,TX,5893,DFW. 02110966,ZFBHRFAB5M6V39943,P21121,WHITE,PROMASTER CITY,RAM,02/17/2022,-
49046V2,2019,CA,5830,-,3N6CM0KN6KK711284,2909,WHITE,NISSAN,NV200,01/01/2021,-
4EE1808,2018,MD,5823,G503100917407,3N6CM0KNXJK690969,1028,WHITE,NISSAN,NV200,01/01/2021,-
4YEH34,2021,MO,5828,-,1GCWGAFP6M1168712,G21068,WHITE,CHEVROLET,EXPRESS 2500,01/01/2021,-
529L79,2018,NV,5928,-,3N6CM0KNXJK690082,1033AC,WHITE,NISSAN,NV200,01/01/2021,-
53493L2,2017,CA,5940,10300035679509,1FTYE1YM2HKB36888,1014,BLACK,FORD,TRANSIT-150,01/01/2021,-
556P81,2021,NV,5832,-,3N6CM0KN9MK692183,P21025,WHITE,NISSAN,NV200,01/01/2021,-
56106D3,2021,CA,5940,-,3N6CM0KN5MK691192,P21049,BLACK,NISSAN,NV200,01/01/2021,-
56107D3,2021,CA,5827,-,3N6CM0KNXMK690894,P21056,WHITE,NISSAN,NV200,01/01/2021,-
56912MM,2014,NY,5807,3301170175,3C6TRVCG3EE118297,1082AC,BLACK,RAM,PROMASTER 2500,01/01/2021,-
58418B3,2020,CA,5829,-,3N6CM0KN3LK701099,P202021,WHITE,NISSAN,NV200,01/01/2021,-
58420B3,2020,CA,5829,10300036114902,3N6CM0KN0LK701349,P20019,BLACK,NISSAN,NV200,01/01/2021,-
5ET9513,2018,MD,5823,G503100917410,3N6CM0KN1JK691735,1053,BLACK,NISSAN,NV200,01/01/2021,-
5SFA30,2020,MO,5802,12034691,1N6BF0KM5LN809554,0203,BLACK,NISSAN,NV CARGO NV1500,01/01/2021,-
600N69,2019,NV,5869,-,3N6CM0KN9KK705060,2908,BLACK,NISSAN,NV200,01/01/2021,-
60417W2,2019,CA,5829,10300035679715,3N6CM0KN1KK711399,2913,BLACK,NISSAN,NV200,01/01/2021,-
60520B3,2020,CA,5828,-,3N6CM0KN2LK701143,P20023,BLACK,NISSAN,NV200,01/01/2021,-
61334D3,2020,CA,5938,10300036115305,3N6CM0KN5LK709530,P21050,WHITE,NISSAN,NV200,01/01/2021,-
61727V2,2019,CA,5830,-,1N6BF0KM4KN805459,2910,BLACK,NISSAN,NV CARGO NV1500,01/01/2021,-
6KA6AC,2020,AZ,5822,12032931,3N6CM0KN6LK696187,1210,WHITE,NISSAN,NV200,01/01/2021,-
70432X2,2020,CA,5830,-,3N6CM0KNXLK696127,2917,BLACK,NISSAN,NV200,01/01/2021,-
70439X2,2020,CA,5830,-,3N6CM0KN9LK693882,2918,BLACK,NISSAN,NV200,01/01/2021,-
70501X2,2020,CA,5830,-,3N6CM0KNXLK693955,2919,BLACK,NISSAN,NV200,01/01/2021,-
71041R2,2019,CA,5829,10300035679624,3N6CM0KN7KK697444,2904,WHITE,NISSAN,NV200,01/01/2021,-
71043R2,2019,CA,5830,03063707,3N6CM0KN6KK694437,2903,WHITE,NISSAN,NV200,01/01/2021,-
74950V,2021,OK,5883,12032937,3N6CM0KN3MK692454,P21027,BLACK,NISSAN,NV200,01/01/2021,-
75008V,2021,OK,5801,12032924,3N6CM0KN9MK691373,P21004,WHITE,NISSAN,NV200,01/01/2021,-
819S45,2021,NV,5832,-,5N1AT3BA0MC793321,5832,WHITE,NISSAN,ROGUE,01/01/2021,-
82590W2,2018,CA,5827,10300035679525,3N6CM0KN2JK704637,1084,BLACK,NISSAN,NV200,01/01/2021,-
83854Z2,2020,CA,5826,10300035679558,3N6CM0KN4LK700429,2601,WHITE,NISSAN,NV200,01/01/2021,-
83855Z2,2020,CA,5926,10300035679574,3N6CM0KN9LK702063,2702,BLACK,NISSAN,NV200,01/01/2021,-
84178C3,2020,CA,5940,-,3N6CM0KNXLK709393,P20033,BLACK,NISSAN,NV200,01/01/2021,-
84222R2,2019,CA,5929,10300035679608,3N6CM0KN0KK696586,2902,WHITE,NISSAN,NV200,01/01/2021,-
84303U2,2019,CA,5859,-,3N6CM0KN4KK705032,2907,BLACK,NISSAN,NV200,01/01/2021,-
84924D3,2021,CA,5828,10300036115503,3N6CM0KN1MK694638,P21059,WHITE,NISSAN,NV200,01/01/2021,-
8HUE160,2019,CA,5848,10300035679780,JTDKDTB3XK1623225,3301,BLACK,TOYOTA,PRIUS C,01/01/2021,-
8LJB163,2019,CA,5826,10300035679590,KNMAT2MT1KP548787,2901,WHITE,NISSAN,ROGUE,01/01/2021,-
8LJB181,2019,CA,5827,10300035679566,KNMAT2MT8KP548981,2701,WHITE,NISSAN,ROGUE,01/01/2021,-
8LJB193,2019,CA,5830,10300035679632,KNMAT2MT9KP549234,2905,WHITE,NISSAN,ROGUE,01/01/2021,-
8RUN075,2020,CA,5828,10300035679582,KNMAT2MT7LP524804,2801,WHITE,NISSAN,ROGUE,01/01/2021,-
8UIK689,2019,CA,5826,10300036030496,3N1AB7APXKY423831,3305,WHITE,NISSAN,SENTRA,01/01/2021,-
8VYE534,2021,CA,5940,-,1GNERFKW8MJ194610,99007,WHITE,CHEVROLET,TRAVERSE,01/01/2021,-
8WMF754,2021,CA,5829,10300036114704,JN8AT3BA9MW012190,P21080,BLACK,NISSAN,ROGUE,01/01/2021,-
8YYY138,2021,CA,5850,-,5N1AT3BB2MC761804,5850,WHITE,NISSAN,ROGUE,01/01/2021,-
90BLGI,2020,NC,5807,3301170170,1N6BF0KM7LN810673,P20029,BLACK,NISSAN,NV CARGO NV1500,01/01/2021,-
94166F3,2021,CA,5848,10300036116279,3N6CM0KN4MK692222,P21021,WHITE,NISSAN,NV200,01/01/2021,-
94180F3,2021,CA,5830,-,3N6CM0KN7MK692571,P21060,BLACK,NISSAN,NV200,01/01/2021,-
94548A3,2020,CA,5830,10300036030488,3N6CM0KN8LK700515,7901,WHITE,NISSAN,NV200,01/01/2021,-
94AAGJ,2021,FL,5806,3301188700,2GNAXHEV1M6148018,P21043,BLACK,CHEVROLET,EQUINOX,01/01/2021,-
9EL1469,2020,MD,5825,3301170129,3N6CM0KN0LK710732,P20030,BLACK,NISSAN,NV200,01/01/2021,-
A24NJR,2021,NJ,5856,03063368,3N6CM0KN5MK695260,P21016,WHITE,NISSAN,NV200,01/01/2021,-
ATA404,2020,KY,5910,3301170135,1N6BF0KM4LN808640,P20014,BLACK,NISSAN,NV CARGO NV1500,01/01/2021,-
AYSL98,2021,NM,5891,-,3N6CM0KN1MK694543,P21058,BLACK,NISSAN,NV200,01/01/2021,-
BAVG88,2020,CO,9713,5667381,JN8AT2MV1LW113992,1201,BLACK,NISSAN,ROGUE,01/01/2021,-
BAVP30,2020,CO,5812,5667383,3N6CM0KN3LK695000,1203,BLACK,NISSAN,NV200,01/01/2021,-
BAVP31,2020,CO,5812,5667382,3N6CM0KN7LK695002,1202,WHITE,NISSAN,NV200,01/01/2021,-
BAXV28,2020,CO,5812,5667384,3N6CM0KNXLK693521,1204,WHITE,NISSAN,NV200,01/01/2021,-
BBBQ05,2020,CO,5812,5667386,JN8AT2MV3LW131555,1206,BLACK,NISSAN,ROGUE,01/01/2021,-
BIWH87,2020,CO,5917,5667387,3N6CM0KN2LK703992,1207,WHITE,NISSAN,NV200,01/01/2021,-
BJAI50,2020,CO,5917,5667388,3N6CM0KN8LK704788,1208,BLACK,NISSAN,NV200,01/01/2021,-
BJWY17,2021,CO,5917,5792504,5N1AT3BB0MC679425,P21032,BLACK,NISSAN,ROGUE,01/01/2021,-
BLF986,2018,MN,C18001,-,1GCWGAFP2J1239271,C18001,BLACK,CHEVROLET,EXPRESS 2500,01/01/2021,-
BRLV13,2021,CO,5862,5667380,3N6CM0KN6MK692349,P21009,BLACK,NISSAN,NV200,01/01/2021,-
BWZ3665,2019,WA,5869,-,KNMAT2MT2KP548958,2906,WHITE,NISSAN,ROGUE,01/01/2021,-
BZNW94,2018,CO,5812,5694957,3N6CM0KN0JK702319,1078,WHITE,NISSAN,NV200,01/01/2021,-
BZPW48,2020,CO,5812,5792505,3N6CM0KNXLK694877,1021,BLACK,NISSAN,NV200,01/01/2021,-
C117082,2021,DE,5823,G503100917408,1N6ED0EA2MN712396,P21082,WHITE,NISSAN,FRONTIER,01/01/2021,-
C16105S,2019,WA,5869,6822849,3N6CM0KN1KK711953,6901AC,WHITE,NISSAN,NV200,01/01/2021,-
C99869S,2020,WA,5869,6822850,3N6CM0KN2LK690791,6902,BLACK,NISSAN,NV200,01/01/2021,-
CAMH41,2019,CO,5847,03063369,1FTYR2XM9KKA22972,C5000,WHITE,FORD,TRANSIT-250,01/01/2021,-
CB75338,2020,IL,5880,3301170131,JN8AT2MV5LW143917,8001,WHITE,NISSAN,ROGUE,01/01/2021,-
CF47127,2020,IL,5880,3301170133,3N6CM0KN9LK699391,8003,WHITE,NISSAN,NV200,01/01/2021,-
CF47136,2020,IL,5880,3301170132,3N6CM0KN8LK702684,8002,BLACK,NISSAN,NV200,01/01/2021,-
CM36759,2020,AZ,5816,-,3N6CM0KN7LK696523,1602,BLACK,NISSAN,NV200,01/01/2021,-
CP62357,2020,TN,5896,-,3N6CM0KN0LK691714,2504,BLACK,NISSAN,NV200,01/01/2021,-
CP62392,2019,TN,9099,-,3N1AB7AP2KY439697,3304,BLACK,NISSAN,SENTRA,01/01/2021,-
CP62393,2017,TN,5896,-,3N6CM0KNXHK711247,1032,BLACK,NISSAN,NV200,01/01/2021,-
CP62394,2020,TN,5896,-,1N6BF0KM2LN805624,2008,WHITE,NISSAN,NV CARGO NV1500,01/01/2021,-
CP66106,2020,TN,5820,3301170161,1N6BF0KM9LN807984,20204,WHITE,NISSAN,NV CARGO NV1500,01/01/2021,-
CP69959,2021,TN,5865,-,3N6CM0KN5MK693122,P21028,BLACK,NISSAN,NV200,01/01/2021,-
CP73862,2020,TN,5861,-,3N6CM0KN4LK708899,P20037,WHITE,NISSAN,NV200,01/01/2021,-
CP78994,2021,TN,5888,-,3N6CM0KNXMK694881,P21013,WHITE,NISSAN,NV200,01/01/2021,-
CTM5555,2020,AZ,5816,-,3N6CM0KN5LK691580,1601AC,WHITE,NISSAN,NV200,01/01/2021,-
DAT8749,2021,MS,9060,-,5N1AT3BB1MC772521,9060,WHITE,NISSAN,ROGUE,01/01/2021,-
DMK6808,2015,NC,5853,-,1FTNE1YM3FKB31019,1533,WHITE,FORD,TRANSIT-150,01/01/2021,-
DXV754,2019,MN,5860,-,1N6DD0EV8KN790600,6001,WHITE,NISSAN,FRONTIER,01/01/2021,-
ENW011,2020,MN,5860,-,3N6CM0KN2LK698339,6003,WHITE,NISSAN,NV200,01/01/2021,-
FDS825,2020,MN,5875,03063713,3N6CM0KN4LK696351,2002,WHITE,NISSAN,NV200,01/01/2021,-
FDS826,2020,MN,5860,-,3N6CM0KN2LK696381,2003,BLACK,NISSAN,NV200,01/01/2021,-
FHD144,2020,MN,5860,-,3N6CM0KNXLK708678,6002,BLACK,NISSAN,NV200,01/01/2021,-
FXJ818,2021,MN,5860,-,3N6CM0KN9MK694743,P21023,BLACK,NISSAN,NV200,01/01/2021,-
GHW143,2020,MN,5860,-,3N6CM0KN5LK707583,P20039,WHITE,NISSAN,NV200,01/01/2021,-
HBP5098,2019,NC,5852,3301170141,3N6CM0KN6KK708370,1901,BLACK,NISSAN,NV200,01/01/2021,-
HDJ6095,2020,NC,5819,3301170144,3N6CM0KNXLK691154,1904,BLACK,NISSAN,NV200,01/01/2021,-
HEL7661,2020,NC,5834,3301170145,3N6CM0KN2LK692783,1905,BLACK,NISSAN,NV200,01/01/2021,-
HEM1731,2020,NC,5852,3301170143,3N6CM0KN2LK691908,1903,WHITE,NISSAN,NV200,01/01/2021,-
HES8628,2020,NC,5815,3301170140,3N6CM0KN0LK691681,1502,WHITE,NISSAN,NV200,01/01/2021,-
HES8629,2020,NC,5815,3301170139,3N6CM0KN6LK691314,1501,WHITE,NISSAN,NV200,01/01/2021,-
HHB9420,2020,NC,5815,3301170146,3N6CM0KN2LK699216,1906,WHITE,NISSAN,NV200,01/01/2021,-
HLB1130,2020,NC,9713,3301170147,KNMAT2MT8LP525430,1910,WHITE,NISSAN,ROGUE,01/01/2021,-
HMX7799,2021,NC,5815,-,3N6CM0KN8MK691610,P21005,BLACK,NISSAN,NV200,01/01/2021,-
HMX7835,2021,NC,5819,3301170138,3N6CM0KN9MK690756,P20038,WHITE,NISSAN,NV200,01/01/2021,-
HMZ4315,2019,NC,5815,3301170167,1N6AD0EV6KN721715,2501,BLACK,NISSAN,FRONTIER,01/01/2021,-
JBR5771,2017,NC,5819,-,3N6CM0KN6HK721404,1005,BLACK,NISSAN,NV200,01/01/2021,-
JCA7FB,2020,AZ,5816,-,3N6CM0KN5LK696326,2001,BLACK,NISSAN,NV200,01/01/2021,-
JDC3453,2021,NC,5853,3301163779,3N6CM0KN3MK695208,P21072,WHITE,NISSAN,NV200,01/01/2021,-
JHQ7621,2020,OH,5916,3301170152,KNMAT2MV9LP517824,202015,BLACK,NISSAN,ROGUE,01/01/2021,-
JHT7675,2020,NC,5819,-,3N6CM0KN3LK691528,1902,WHITE,NISSAN,NV200,01/01/2021,-
JTR338,2017,OK,5862,03066593,3N6CM0KN0HK721463,1035AC,WHITE,NISSAN,NV200,01/01/2021,-
KFM5850,2017,TX,5849,-,3N6CM0KN2HK713848,1037,BLACK,NISSAN,NV200,01/01/2021,-
KHX6906,2017,TX,5893,12032898,3N6CM0KN6HK721287,1006,WHITE,NISSAN,NV200,01/01/2021,-
KHX6907,2017,TX,5810,12032916,3N6CM0KN9HK703866,1041,WHITE,NISSAN,NV200,01/01/2021,-
KHX6908,2017,TX,5802,12032917,3N6CM0KN9HK721798,1042,WHITE,NISSAN,NV200,01/01/2021,-
KJB5892,2017,TX,5803,-,3N6CM0KN9HK706069,1009,WHITE,NISSAN,NV200,01/01/2021,-
KJY5506,2017,TX,5802,12032897,3N6CM0KN4HK721014,1002,WHITE,NISSAN,NV200,01/01/2021,-
KKD8331,2017,TX,5928,12032912,3N6CM0KN4HK710580,1031,WHITE,NISSAN,NV200,01/01/2021,-
KKD8333,2017,TX,5803,-,3N6CM0KN8HK721260,1034,WHITE,NISSAN,NV200,01/01/2021,-
KNK6755,2018,TX,5803,12032921,3N6CM0KN6JK690905,1056,BLACK,NISSAN,NV200,01/01/2021,-
KNK6757,2018,TX,5801,12032920,3N6CM0KN3JK693230,1054,BLACK,NISSAN,NV200,01/01/2021,-
KNK6797,2018,TX,5802,12032922,3N6CM0KN7JK693537,1058,BLACK,NISSAN,NV200,01/01/2021,-
KRP5978,2022,NY,9716,3301163816,KL4MMCSL4NB031773,M21067,BLACK,BUICK,ENCORE GX,01/01/2021,-
KRZ8767,2018,TX,5893,12032926,3N6CM0KN3JK693356,1068,BLACK,NISSAN,NV200,01/01/2021,-
KV2745,2021,NC,5819,3301188685,1N6ED0EBXMN714504,P21085,BLACK,NISSAN,FRONTIER,01/01/2021,-
KZW5820,2018,TX,5928,12034689,3N6CM0KN3JK697813,1077,BLACK,NISSAN,NV200,01/01/2021,-
L4A8VC,2021,AZ,5816,-,JN8AT3BAXMW008939,P21077,BLACK,NISSAN,ROGUE,01/01/2021,-
LJW2766,2018,TX,5804,12034693,3N6CM0KN5JK702686,1086,WHITE,NISSAN,NV200,01/01/2021,-
LLA0HF,2018,AZ,5816,-,3N6CM0KN4JK690515,1070AC,WHITE,NISSAN,NV200,01/01/2021,-
LLBN69,2017,FL,5806,3301170108,3N6CM0KN8HK710694,1030,WHITE,NISSAN,NV200,01/01/2021,-
LLG7434,2018,TX,5917,12032934,1N6BF0KM1JN816160,2207,WHITE,NISSAN,NV CARGO NV1500,01/01/2021,-
LRK5863,2017,TX,5803,12032899,3N6CM0KN0HK721561,1008,WHITE,NISSAN,NV200,01/01/2021,-
LST0291,2019,TX,9099,12032935,5N1AT2MT7KC708593,3302,WHITE,NISSAN,ROGUE,01/01/2021,-
LST0298,2019,TX,5804,12032893,1N6BF0KM9KN800340,402,WHITE,NISSAN,NV CARGO NV1500,01/01/2021,-
LST0299,2019,TX,5863,12140524,1N6AD0ER1KN704761,101,WHITE,NISSAN,FRONTIER,01/01/2021,-
LST0301,2019,TX,5893,12032884,1N6DD0ER4KN722071,201,BLACK,NISSAN,FRONTIER,01/01/2021,-
LST0303,2019,TX,5803,12032891,1N6AD0ER5KN712118,301,BLACK,NISSAN,FRONTIER,01/01/2021,-
MLD8593,2019,TX,5863,12032874,3N6CM0KN1KK707711,0103AC,BLACK,NISSAN,NV200,01/01/2021,-
MLD9056,2019,TX,5863,03537432,3N6CM0KN0KK707425,104,WHITE,NISSAN,NV200,01/01/2021,-
MNH4419,2019,TX,5863,12032876,3N6CM0KN0KK709028,107,WHITE,NISSAN,NV200,01/01/2021,-
MNH4420,2019,TX,5801,12032877,3N6CM0KN0KK708994,108,BLACK,NISSAN,NV200,01/01/2021,-
MRN0541,2019,TX,5801,12032878,3N6CM0KN1KK709071,109,BLACK,NISSAN,NV200,01/01/2021,-
MRT7120,2019,TX,5893,12032886,3N6CM0KN4KK710988,203,WHITE,NISSAN,NV200,01/01/2021,-
MRT7122,2019,TX,5893,12032885,3N6CM0KNXKK710932,202,WHITE,NISSAN,NV200,01/01/2021,-
MXR9553,2020,TX,5927,12032880,3N6CM0KN6LK698800,113,BLACK,NISSAN,NV200,01/01/2021,-
MYL1697,2020,TX,5893,12032889,3N6CM0KNXLK699240,205,BLACK,NISSAN,NV200,01/01/2021,-
MYV6496,2020,TX,5847,12032894,3N6CM0KN8LK693565,403,BLACK,NISSAN,NV200,01/01/2021,-
MYX1780,2020,TX,5810,-,KNMAT2MT2LP526525,1207,WHITE,NISSAN,ROGUE,01/01/2021,-
MYX1808,2020,TX,5837,12032895,3N6CM0KN9LK698354,404,WHITE,NISSAN,NV200,01/01/2021,-
MYX1809,2020,TX,5810,-,3N6CM0KN9LK698936,1208,WHITE,NISSAN,NV200,01/01/2021,-
MYX1810,2020,TX,5810,-,3N6CM0KN4LK698813,1209,BLACK,NISSAN,NV200,01/01/2021,-
MZP7472,2020,TX,5918,-,3N6CM0KN7LK699289,115,BLACK,NISSAN,NV200,01/01/2021,-
NBR8895,2020,TX,5803,12032890,3N6CM0KN1LK692077,206,BLACK,NISSAN,NV200,01/01/2021,-
NBV8591,2020,TX,5803,12032939,3N6CM0KNXLK691879,3306,WHITE,NISSAN,NV200,01/01/2021,-
NEZF27,2019,FL,5857,-,1N6BF0KM8KN810115,602,BLACK,NISSAN,NV CARGO NV1500,01/01/2021,-
NFJS31,2020,FL,5807,3301170160,1N6BF0KM7LN801813,2007,BLACK,NISSAN,NV CARGO NV1500,01/01/2021,-
NFWP54,2020,FL,5807,3301170106,1N6BF0KM6LN809157,20206,WHITE,NISSAN,NV CARGO NV1500,01/01/2021,-
NGF1389,2020,TX,5839,12032881,3N6CM0KNXLK698430,114,BLACK,NISSAN,NV200,01/01/2021,-
NGHZ63,2019,FL,5887,3301170103,3N6CM0KNXKK710977,111,WHITE,NISSAN,NV200,01/01/2021,-
NHH1107,2019,TX,5818,12032936,3N1AB7AP5KY402384,3303,BLACK,NISSAN,SENTRA,01/01/2021,-
NLMZ02,2020,FL,5806,3301170107,3N6CM0KN9LK694773,1026,WHITE,NISSAN,NV200,01/01/2021,-
NML9266,2020,TX,9099,12853363,1GNERKKW9LJ250321,99001,WHITE,CHEVROLET,TRAVERSE,01/01/2021,-
NNJN40,2020,FL,5818,02805929,3N6CM0KN9LK694806,701,WHITE,NISSAN,NV200,01/01/2021,-
NNJN41,2020,FL,5806,3301170104,3N6CM0KN3LK694753,601,BLACK,NISSAN,NV200,01/01/2021,-
NNT7793,2021,TX,9099,15111364,5UXCR6C06M9F36696,P21045,BLACK,BMW,X5,01/01/2021,-
NRT3986,2020,TX,5804,-,3N6CM0KNXLK705832,20202,BLACK,NISSAN,NV200,01/01/2021,-
NRV1805,2020,TX,9713,12905384,5N1DR2DN6LC616499,M20100,WHITE,NISSAN,PATHFINDER,01/01/2021,-
NTJ5692,2019,TX,5804,12032859,1N6AD0ER5KN716332,102,BLACK,NISSAN,FRONTIER,01/01/2021,-
NTJ7037,2021,TX,5804,02809659,3N6CM0KN7MK690142,P21002,WHITE,NISSAN,NV200,01/01/2021,-
NTN9428,2020,TX,5801,12032932,3N6CM0KN7LK706466,202018,BLACK,NISSAN,NV200,01/01/2021,-
NWC7447,2021,TX,9060,12134034,2GNAXFEVXM6108590,P21042,WHITE,CHEVROLET,EQUINOX,01/01/2021,-
NWF8718,2021,TX,5801,02809660,3N6CM0KN8MK691381,P21003,WHITE,NISSAN,NV200,01/01/2021,-
NWJ1854,2021,TX,9099,12034690,3GCPWEED9MG201774,P21044,BLACK,CHEVROLET,SILVERADO 1500,01/01/2021,-
NWJ2604,2021,TX,9060,12032879,2GNAXHEV9M6144640,P21041,BLACK,CHEVROLET,EQUINOX,01/01/2021,-
NYB6781,2021,TX,5801,12192159,3N6CM0KNXMK691298,P21067,WHITE,NISSAN,NV200,01/01/2021,-
NYR6823,2020,TX,5804,03063704,3N6CM0KN5LK695029,P20035,BLACK,NISSAN,NV200,01/01/2021,-
NYR6824,2020,TX,5803,12034685,3N6CM0KN9LK693509,P20034,BLACK,NISSAN,NV200,01/01/2021,-
OK7YX,2020,UT,5940,-,1N6BF0KM6LN803097,4001,WHITE,NISSAN,NV CARGO NV1500,01/01/2021,-
P802293,2020,SC,5935,-,3N6CM0KN1LK696291,2005,WHITE,NISSAN,NV200,01/01/2021,-
PBC4341,2021,TX,5893,12032914,3N6CM0KN5MK691211,P20040,WHITE,NISSAN,NV200,01/01/2021,-
PBM3164,2020,TX,5802,12134033,1N6BF0KM3LN801582,204,WHITE,NISSAN,NV CARGO NV1500,01/01/2021,-
PCQM98,2020,FL,5807,3301170102,KNMAT2MT9LP525680,106,WHITE,NISSAN,ROGUE,01/01/2021,-
PDX3378,2021,TX,9099,12032905,1GNERFKW3MJ150918,P21051,WHITE,CHEVROLET,TRAVERSE,01/01/2021,-
PFH3474,2020,TX,5847,12034687,3N6CM0KN3LK707016,P20026,BLACK,NISSAN,NV200,01/01/2021,-
PFL4984,2021,TX,5893,12032904,3N6CM0KN9MK692491,P21046,BLACK,NISSAN,NV200,01/01/2021,-
PFS8232,2021,TX,9099,02110957,1N4AA6EV5MC501694,P21064,WHITE,NISSAN,MAXIMA,01/01/2021,-
PFZ0893,2021,TX,5882,03063712,3N6CM0KN9MK692166,P21024,WHITE,NISSAN,NV200,01/01/2021,-
PGF7301,2021,TX,5927,12032929,3N6CM0KN3MK692504,P21026,WHITE,NISSAN,NV200,01/01/2021,-
PGH8167,2021,TX,9716,12032927,3GNAXHEV1MS127347,C21001,WHITE,CHEVROLET,EQUINOX,01/01/2021,-
PGT6539,2021,TX,5802,12034688,2GNAXHEV0M6145384,P21054,WHITE,CHEVROLET,EQUINOX,01/01/2021,-
PGT7460,2021,TX,9713,12032896,2GNAXHEV9M6135100,P21031,WHITE,CHEVROLET,EQUINOX,01/01/2021,-
PJB7912,2021,TX,9099,12032923,KM8R54HE9MU224250,P21048,BLACK,HYUNDAI,PALISADE,01/01/2021,-
PJS6144,2020,TX,5810,02805926,3N6CM0KN6LK695637,1205,BLACK,NISSAN,NV200,01/01/2021,-
PKK7965,2021,TX,Unassigned,03063373,3N6CM0KN7MK693039,C21157,BLACK,NISSAN,NV200,01/01/2021,-
PKK7966,2021,TX,5870,G503100917400,3N6CM0KN3MK692826,C21158,BLACK,NISSAN,NV200,01/01/2021,-
PKK7967,2021,TX,5899,03063721,3N6CM0KN6MK702023,C21159,BLACK,NISSAN,NV200,01/01/2021,-
PKK7967,2021,VA,5899,03301163529,3N6CM0KN6MK702023,C21159,WHITE,NV200,NISSAN,01/21/2022,-
PKK7969,2021,TX,C21160,03063716,3N6CM0KN0MK702129,C21160,WHITE,NISSAN,NV200,01/01/2021,-
PKX6296,2020,TX,5839,02805930,3N6CM0KN6LK691281,1805,WHITE,NISSAN,NV200,01/01/2021,-
PLJ9054,2021,TX,5896,-,3N6CM0KN4MK690227,P21001,WHITE,NISSAN,NV200,01/01/2021,-
PMB8273,2020,OH,5909,3301170154,1N6BF0KM2LN809236,20209,BLACK,NISSAN,NV CARGO NV1500,01/01/2021,-
PMC8975,2020,OH,5909,3301170149,3N6CM0KN4LK706506,202010,WHITE,NISSAN,NV200,01/01/2021,-
PMC8978,2020,OH,5909,3301170153,3N6CM0KN7LK699180,202011,BLACK,NISSAN,NV200,01/01/2021,-
PMC8979,2020,OH,5909,3301170109,3N6CM0KN9LK698810,202012,BLACK,NISSAN,NV200,01/01/2021,-
PMC8980,2020,OH,5909,3301170150,3N6CM0KN1LK695657,202013,WHITE,NISSAN,NV200,01/01/2021,-
PMG6828,2020,OH,5913,3301170156,3N6CM0KN4LK707056,P20036,BLACK,NISSAN,NV200,01/01/2021,-
PMG6978,2020,OH,5915,3301170151,3N6CM0KNXLK694409,20208,BLACK,NISSAN,NV CARGO NV1500,01/01/2021,-
PMJ9025,2021,TX,Unassigned,03063396,3N6CM0KN5MK700862,C21165,WHITE,NISSAN,NV200,01/01/2021,-
PMJ9028,2021,TX,C21163,03063399,3N6CM0KN9MK696881,C21163,BLACK,NISSAN,NV200,01/01/2021,-
PMJ9032,2021,TX,Unassigned,02805939,3N6CM0KN1MK701930,C21164,BLACK,NISSAN,NV200,01/01/2021,-
PMJ9042,2020,TX,Unassigned,03063717,3N6CM0KN1LK711131,C21166,WHITE,NISSAN,NV200,01/01/2021,-
PMJ9043,2021,TX,5856,3301163821,3N6CM0KN8MK701374,C21162,BLACK,NISSAN,NV200,01/01/2021,-
PMR1615,2021,TX,Unassigned,12032892,WVGDMPE21MP014409,99002,WHITE,VOLKSWAGEN,ID.4,01/01/2021,-
PNK0823,2021,TX,9099,02809699,3N6CM0KN4MK698523,C21076,BLACK,NISSAN,NV200,01/01/2021,-
PNK1366,2021,TX,5889,-,3N6CM0KN3MK700004,C21091,BLACK,NISSAN,NV200,01/01/2021,-
PNK1367,2021,TX,5853,3301188703,3N6CM0KN9MK699912,C21082,BLACK,NISSAN,NV200,01/01/2021,-
PNK1368,2021,TX,5899,3301188706,3N6CM0KN1MK699967,C21081,WHITE,NISSAN,NV200,01/01/2021,-
PNK1371,2021,TX,5937,15652097,3N6CM0KN6MK699964,C21079,BLACK,NISSAN,NV200,01/01/2021,-
PNK1372,2021,TX,5889,-,3N6CM0KN2MK699881,C21080,WHITE,NISSAN,NV200,01/01/2021,-
PNK1373,2021,TX,5801,12192157,3N6CM0KN6MK699852,C21084,BLACK,NISSAN,NV200,01/01/2021,-
PNK1374,2021,TX,5835,3301188695,3N6CM0KN8MK699870,C21078,BLACK,NISSAN,NV200,01/01/2021,-
PNK1884,2021,TX,9099,02809696,3N6CM0KN4MK699980,C21109,BLACK,NISSAN,NV200,01/01/2021,-
PNK1887,2021,NC,5852,3301188693,3N6CM0KN2MK700043,C21111,WHITE,NISSAN,NV200,01/01/2021,-
PNK1888,2021,TX,5845,10300038841171,3N6CM0KN6MK700045,C21110,BLACK,NISSAN,NV200,01/01/2021,-
PNK1890,2021,TX,5852,-,3N6CM0KN8MK702699,C21148,BLACK,NISSAN,NV200,01/01/2021,-
PNK1891,2021,TX,5849,-,3N6CM0KN7MK702726,C21146,WHITE,NISSAN,NV200,01/01/2021,-
PNK2099,2021,TX,5926,-,3N6CM0KN5MK702708,C21121,WHITE,NISSAN,NV200,01/01/2021,-
PNK2178,2021,TX,5884,-,3N6CM0KN2MK700091,C21098,WHITE,NISSAN,NV200,01/01/2021,-
PNK2182,2021,TX,5903,G503100917403,3N6CM0KN4MK700075,C21096,WHITE,NISSAN,NV200,01/01/2021,-
PNK2183,2021,TX,5845,10300036116873,3N6CM0KN0MK700011,C21097,WHITE,NISSAN,NV200,01/01/2021,-
PNK2186,2021,TX,5868,3301188692,3N6CM0KN0MK699989,C21095,WHITE,NISSAN,NV200,01/01/2021,-
PNK2225,2021,TX,9099,02809695,3N6CM0KN8MK700046,C21106,WHITE,NISSAN,NV200,01/01/2021,-
PNK2300,2021,TX,9099,02805966,3N6CM0KN9MK700072,C21112,WHITE,NISSAN,NV200,01/01/2021,-
PNK2301,2021,TX,5888,-,3N6CM0KN3MK700066,C21113,BLACK,NISSAN,NV200,01/01/2021,-
PNK2302,2021,TX,5894,02805940,3N6CM0KN5MK702689,C21129,BLACK,NISSAN,NV200,01/01/2021,-
PNK2303,2021,TX,5907,03301163834,3N6CM0KN2MK702858,C21125,WHITE,NISSAN,NV200,01/01/2021,-
PNK2304,2021,TX,5846,G503100917404,3N6CM0KN5MK702742,C21126,WHITE,NISSAN,NV200,01/01/2021,-
PNK2323,2021,TX,5858,-,3N6CM0KN9MK702680,C21142,WHITE,NISSAN,NV200,01/01/2021,-
PNK2324,2021,TX,5856,3301163809,3N6CM0KN1MK702768,C21145,WHITE,NISSAN,NV200,01/01/2021,-
PNK2376,2021,TX,5913,G503100917416,3N6CM0KN8MK700063,C21090,WHITE,NISSAN,NV200,01/01/2021,-
PNK2380,2021,TX,5835,-,3N6CM0KN6MK702670,C21131,WHITE,NISSAN,NV200,01/01/2021,-
PNK2400,2021,TX,5839,12959276,3N6CM0KN0MK700025,C21094,WHITE,NISSAN,NV200,01/01/2021,-
PNK2401,2021,TX,5846,G503100917405,3N6CM0KN0MK699961,C21086,BLACK,NISSAN,NV200,01/01/2021,-
PNK2402,2021,TX,5853,3301188689,3N6CM0KN6MK699978,C21093,BLACK,NISSAN,NV200,01/01/2021,-
PNK2403,2021,TX,5872,3301188696,3N6CM0KN7MK699889,C21085,BLACK,NISSAN,NV200,01/01/2021,-
PNK2404,2021,TX,5884,-,3N6CM0KN7MK700037,C21092,WHITE,NISSAN,NV200,01/01/2021,-
PNK2405,2021,TX,5845,10300038840975,3N6CM0KN2MK700012,C21104,BLACK,NISSAN,NV200,01/01/2021,-
PNK2406,2021,TX,5899,3301188686,3N6CM0KN4MK700061,C21107,BLACK,NISSAN,NV200,01/01/2021,-
PNK2407,2021,TX,5862,12192160,3N6CM0KN4MK700190,C21116,WHITE,NISSAN,NV200,01/01/2021,-
PNK2408,2021,TX,5893,12032913,3N6CM0KN1MK700079,C21102,BLACK,NISSAN,NV200,01/01/2021,-
PNK2410,2021,TX,5839,12192158,3N6CM0KN5MK699986,C21101,BLACK,NISSAN,NV200,01/01/2021,-
PNK2412,2021,TX,5842,-,3N6CM0KN5MK700005,C21100,WHITE,NISSAN,NV200,01/01/2021,-
PNK2413,2021,TX,5835,3301188691,3N6CM0KN8MK700015,C21099,WHITE,NISSAN,NV200,01/01/2021,-
PNK2414,2021,TX,5894,12032928,3N6CM0KN5MK700022,C21103,WHITE,NISSAN,NV200,01/01/2021,-
PNK2415,2021,TX,5844,10300038840470,3N6CM0KN2MK700057,C21105,WHITE,NISSAN,NV200,01/01/2021,-
PNK2416,2021,TX,5837,12192162,3N6CM0KN0MK700042,C21108,BLACK,NISSAN,NV200,01/01/2021,-
PNK2417,2021,TX,5825,3301163787,3N6CM0KN1MK700017,C21114,WHITE,NISSAN,NV200,01/01/2021,-
PNK2425,2021,TX,9099,02805968,3N6CM0KN0MK702745,C21123,WHITE,NISSAN,NV200,01/01/2021,-
PNK2426,2021,TX,9099,02809694,3N6CM0KNXMK702669,C21122,BLACK,NISSAN,NV200,01/01/2021,-
PNK2429,2021,TX,5888,-,3N6CM0KN2MK702701,C21141,WHITE,NISSAN,NV200,01/01/2021,-
PNK2431,2021,TX,9099,02809697,3N6CM0KN3MK702674,C21119,WHITE,NISSAN,NV200,01/01/2021,-
PNK2432,2021,TX,5926,10300038840272,3N6CM0KN8MK700077,C21115,WHITE,NISSAN,NV200,01/01/2021,-
PNK2434,2021,TX,9099,03063724,3N6CM0KN1MK702916,C21137,BLACK,NISSAN,NV200,01/01/2021,-
PNK2434,2021,CA,5850,10300036594475,3N6CM0KN1MK702916,C21137,WHITE,NV200,NISSAN,01/24/2022,-
PNK2525,2021,TX,9099,02805961,3N6CM0KNXMK702767,C21134,WHITE,NISSAN,NV200,01/01/2021,-
PNK2535,2021,TX,5936,-,3N6CM0KN4MK702781,C21132,BLACK,NISSAN,NV200,01/01/2021,-
PNK2536,2021,TX,9099,02805957,3N6CM0KN3MK702707,C21136,WHITE,NISSAN,NV200,01/01/2021,-
PNK2537,2021,TX,9099,03063723,3N6CM0KN4MK702683,C21135,BLACK,NISSAN,NV200,01/01/2021,-
PNK2538,2021,TX,9099,02805962,3N6CM0KN6MK702717,C21118,BLACK,NISSAN,NV200,01/01/2021,-
PNK2539,2021,TX,5865,-,3N6CM0KN1MK702737,C21147,WHITE,NISSAN,NV200,01/01/2021,-
PNK3078,2021,TX,5856,-,3N6CM0KN9MK702677,C21127,BLACK,NISSAN,NV200,01/01/2021,-
PNK3079,2021,TX,9099,03063720,3N6CM0KN7MK702709,C21143,WHITE,NISSAN,NV200,01/01/2021,-
PNK3081,2021,TX,5829,10300038840587,3N6CM0KNXMK692922,P21074,BLACK,NISSAN,NV200,01/01/2021,-
PNK3082,2021,TX,5853,03063711,3N6CM0KNXMK691706,P21069,WHITE,NISSAN,NV200,01/01/2021,-
PPK4579,2021,TX,5856,-,3N6CM0KNXMK702784,C21151,WHITE,NISSAN,NV200,01/01/2021,-
PPK4580,2021,TX,5854,-,3N6CM0KN6MK702734,C21150,WHITE,NISSAN,NV200,01/01/2021,-
PPK4581,2021,TX,5921,-,3N6CM0KN5MK702692,C21149,WHITE,NISSAN,NV200,01/01/2021,-
PPK4583,2021,TX,5878,5792507,3N6CM0KN9MK702694,C21144,BLACK,NISSAN,NV200,01/01/2021,-
PPK4584,2021,TX,5839,03063398,3N6CM0KN8MK702850,C21140,WHITE,NISSAN,NV200,01/01/2021,-
PPK4585,2021,TX,9099,03260154,3N6CM0KN4MK702666,C21139,WHITE,NISSAN,NV200,01/01/2021,-
PPK4586,2021,TX,5850,10300036594418,3N6CM0KN6MK702667,C21138,BLACK,NISSAN,NV200,01/01/2021,-
PPK4594,2021,TX,5856,3301163829,3N6CM0KN8MK702752,C21133,WHITE,NISSAN,NV200,01/01/2021,-
PPK4595,2021,TX,5870,G503100917402,3N6CM0KN2MK702729,C21130,BLACK,NISSAN,NV200,01/01/2021,-
PPK4596,2021,TX,5855,3301163801,3N6CM0KN2MK702908,C21128,BLACK,NISSAN,NV200,01/01/2021,-
PPK4597,2021,TX,9099,02805958,3N6CM0KN5MK702868,C21124,BLACK,NISSAN,NV200,01/01/2021,-
PPK4598,2021,TX,5849,-,3N6CM0KN1MK702673,C21120,WHITE,NISSAN,NV200,01/01/2021,-
PPK4599,2021,TX,5838,03348763,3N6CM0KN9MK702730,C21117,BLACK,NISSAN,NV200,01/01/2021,-
PPK4684,2021,TX,5917,5694959,3N6CM0KN2MK694969,P21075,WHITE,NISSAN,NV200,01/01/2021,-
PPK4685,2021,TX,5838,12032900,3N6CM0KN5MK690933,P21071,BLACK,NISSAN,NV200,01/01/2021,-
PPK9622,2021,TX,5899,3301188694,3N6CM0KN9MK699909,C21077,WHITE,NISSAN,NV200,01/01/2021,-
PPK9623,2021,TX,5876,-,3N6CM0KNXMK699854,C21083,WHITE,NISSAN,NV200,01/01/2021,-
PPK9624,2021,TX,5871,-,3N6CM0KN8MK702685,C21152,BLACK,NISSAN,NV200,01/01/2021,-
PPK9672,2021,TX,5911,-,3N6CM0KN0MK700073,C21087,BLACK,NISSAN,NV200,01/01/2021,-
PPK9688,2021,TX,5838,03063709,3N6CM0KN5MK702711,C21155,WHITE,NISSAN,NV200,01/01/2021,-
PPK9689,2021,TX,9099,G503100917417,3N6CM0KN7MK702757,C21154,BLACK,NISSAN,NV200,01/01/2021,-
PRV1999,2021,TX,9099,02805960,3N6CM0KN3MK702738,C21153,BLACK,NISSAN,NV200,01/01/2021,-
PRV2588,2021,TX,5828,10300036116071,3N6CM0KN6MK692321,P21020,BLACK,NISSAN,NV200,01/01/2021,-
PSG2321,2021,TX,5909,3301188705,3GNAXHEV0MS166043,P21083,WHITE,CHEVROLET,EQUINOX,01/01/2021,-
PSN3912,2021,TX,9060,12192166,3GNAXHEV8MS163438,99003,WHITE,CHEVROLET,EQUINOX,01/01/2021,-
PST3916,2021,TX,C21168,03063395,3N6CM0KN2MK701693,C21168,BLACK,NISSAN,NV200,01/01/2021,-
PTZ3044,2021,TX,9099,02805942,3N6CM0KN9MK706440,C21178,WHITE,NISSAN,NV200,01/01/2021,-
PTZ3045,2021,TX,5827,-,3N6CM0KN4MK706300,P21090,BLACK,NISSAN,NV200,01/01/2021,-
PTZ3046,2021,TX,5828,-,3N6CM0KN9MK706454,P21086,BLACK,NISSAN,NV200,01/01/2021,-
PTZ3047,2021,TX,5939,-,3N6CM0KN1MK706285,P21088,WHITE,NISSAN,NV200,01/01/2021,-
PTZ3048,2021,TX,5826,-,3N6CM0KNXMK706284,P21087,BLACK,NISSAN,NV200,01/01/2021,-
PTZ3049,2021,TX,5801,02805921,3N6CM0KN7MK706341,P21091,WHITE,NISSAN,NV200,01/01/2021,-
PWG4747,2021,TX,5839,DFW. 03226075,1GCWGAFP3M1264961,G21116,BLUE,EXPRESS 2500,CHEVROLET,02/02/2022,-
PWL9355,2022,TX,5928,03063715,KL4MMBS21NB013457,M21068,BLACK,BUICK,ENCORE GX,01/01/2021,-
PXH7931,2021,TX,9099,12192163,5N1AZ2CJ9MC105520,M21065,BLACK,NISSAN,MURANO,01/01/2021,-
PYN1961,2021,TX,9099,12192164,3GCPYFEDXMG432098,M21066,BLACK,CHEVROLET,SILVERADO 1500,01/01/2021,-
QMSY13,2018,FL,5864,03063370,3N6CM0KN9JK697881,1071,BLACK,NISSAN,NV200,01/01/2021,-
QMSY14,2020,FL,5886,3301170176,3N6CM0KN0LK692264,1402,BLACK,NISSAN,NV200,01/01/2021,-
QMWF22,2021,FL,5807,3301163785,3N6CM0KN1MK692159,P21007,BLACK,NISSAN,NV200,01/01/2021,-
QMWW78,2021,FL,5841,3301163783,3N6CM0KN6MK694957,P21022,BLACK,NISSAN,NV200,01/01/2021,-
QMWZ96,2021,FL,5864,3301163781,3N6CM0KN0MK691925,P21008,WHITE,NISSAN,NV200,01/01/2021,-
QMYG62,2019,FL,5864,03063710,3N6CM0KN6KK708563,1401,WHITE,NISSAN,NV200,01/01/2021,-
RDT7345,2020,TX,5856,3301163808,3N6CM0KN3LK711146,C21167,WHITE,NISSAN,NV200,01/01/2021,-
RDT7346,2021,TX,Unassigned,-,3N6CM0KN1MK697071,C21161,WHITE,NISSAN,NV200,01/01/2021,-
RFH6574,2021,TX,5848,10300038841189,3N6CM0KN7MK706405,C21177,BLACK,NISSAN,NV200,01/01/2021,-
RFH6971,2021,TX,C21172,03063397,ZFBHRFABXM6U54810,C21172,WHITE,RAM,PROMASTER CITY,01/01/2021,-
RFH7178,2021,TX,5941,-,ZFBHRFAB6M6U54786,C21171,WHITE,RAM,PROMASTER CITY,01/01/2021,-
RFH7179,2021,TX,5889,03063718,ZFBHRFAB1M6U55814,C21170,WHITE,RAM,PROMASTER CITY,01/01/2021,-
RFH7180,2021,TX,C21173,03063393,ZFBHRFABXM6U55844,C21173,BLACK,RAM,PROMASTER CITY,01/01/2021,-
RFH7184,2021,TX,Unassigned,03063394,ZFBHRFAB6M6U53962,C21174,WHITE,RAM,PROMASTER CITY,01/01/2021,-
RFY4825,2021,TX,9099,03063714,3N6CM0KN2MK706358,-,WHITE,NISSAN,NV200,01/01/2021,-
RFY5178,2021,TX,5857,02805941,3N6CM0KNXMK706432,C21175,BLACK,NISSAN,NV200,01/01/2021,-
RFY5496,2021,TX,5802,02805928,3N6CM0KN1MK706514,P21096,BLACK,NISSAN,NV200,01/01/2021,-
RFY5497,2021,TX,5832,10300036594509,3N6CM0KN7MK706548,P21095,BLACK,NISSAN,NV200,01/01/2021,-
RFY5498,2021,TX,5812,5792502,3N6CM0KN9MK706549,P21094,BLACK,NISSAN,NV200,01/01/2021,-
RFY5499,2021,TX,5818,3301163786,3N6CM0KN4MK706491,P21097,BLACK,NISSAN,NV200,01/01/2021,-
RFY5728,2021,TX,Unassigned,03063391,ZFBHRFAB6M6U54772,C21169,BLACK,RAM,PROMASTER CITY,01/01/2021,-
RFY5875,2021,TX,5803,01594798,3N6CM0KN3MK706563,P21093,WHITE,NISSAN,NV200,01/01/2021,-
RFY5876,2021,TX,5937,-,3N6CM0KN0MK706567,P21092,WHITE,NISSAN,NV200,01/01/2021,-
RFZ1223,2021,TX,Unassigned,5694960,ZFBHRFAB5M6V39179,P21112,BLACK,RAM,PROMASTER CITY,01/01/2021,-
RFZ1236,2021,TX,5801,DFW. 03226072,ZFBHRFAB8M6V39242,P21116,WHITE,PROMASTER CITY,RAM,01/27/2022,-
RFZ1237,2021,TX,5887,03301163794,ZFBHRFAB8M6V39189,P21113,WHITE,RAM,PROMASTER CITY,01/27/2022,-
RHH2728,2021,TX,5880,3301163810,ZFBHRFAB6M6V29325,P21099,BLACK,RAM,PROMASTER CITY,01/01/2021,-
RHH2729,2021,TX,5880,3301163806,ZFBHRFAB1M6V32634,P21098,WHITE,RAM,PROMASTER CITY,01/01/2021,-
RHT4733,2021,TX,5825,G503100917415,ZFBHRFAB0M6V31068,,WHITE,RAM,ProMaster City,02/12/2022,-
RHT4733,2021,TX,5801,DFW . 03226071,ZFBHRFAB0M6V31068,P21104,WHITE,RAM,PROMASTER CITY,01/17/2022,-
RSN7532,2017,GA,5818,3301163826,3N6CM0KN5HK721815,1004,WHITE,NISSAN,NV200,01/01/2021,-
RSN7894,2019,GA,5818,3301170124,3N6CM0KN4KK709338,1801,WHITE,NISSAN,NV200,01/01/2021,-
RTN5678,2020,GA,5818,3301170126,3N6CM0KNXLK691333,1804,WHITE,NISSAN,NV200,01/01/2021,-
RUH6380,2018,GA,5934,-,3N6CM0KN2JK693638,1069AC,WHITE,NISSAN,NV200,01/01/2021,-
RUI9546,2020,GA,5818,3301170125,JN8AT2MTXLW007460,1803,BLACK,NISSAN,ROGUE,01/01/2021,-
RVH5501,2020,GA,5863,03063371,3N6CM0KN0LK693480,1806,BLACK,NISSAN,NV200,01/01/2021,-
RYL7119,2018,GA,5818,3301170159,1N6BF0KM6JN800519,1059,BLACK,NISSAN,NV CARGO NV1500,01/01/2021,-
RZK5724,2020,GA,5818,3301170111,3N6CM0KN1LK694766,1015,WHITE,NISSAN,NV200,01/01/2021,-
RZK5725,2020,GA,5818,3301170130,3N6CM0KN8LK700966,7902,BLACK,NISSAN,NV200,01/01/2021,-
RZR3712,2021,GA,5818,-,3N6CM0KN6MK691699,P21006,BLACK,NISSAN,NV200,01/01/2021,-
SD6316,2022,WI,5911,-,1N6ED1EK7NN610575,M22001,WHITE,NISSAN,FRONTIER,01/01/2021,-
TCV1753,2019,GA,9099,-,1N6AD0ER7KN710578,401,WHITE,NISSAN,FRONTIER,01/01/2021,-
TEMP_A04585,2015,TX,5893,12032907,1FTNE1ZM6FKA04585,1022,BLACK,FORD,TRANSIT-150,01/01/2021,-
TEMP_B34114,2016,TX,5801,12032902,ZFBERFAT8G6B34114,1017,WHITE,RAM,PROMASTER CITY,01/01/2021,-
TEMP_K695300,2021,FL,5887,-,3N6CM0KN2MK695300,P21062,WHITE,NISSAN,NV200,01/01/2021,-
TEMP_K695710,2016,TX,5839,12032909,3N6CM0KN4GK695710,1027,WHITE,NISSAN,NV200,01/01/2021,-
TEMP_K695968,2015,TX,5862,12032919,3N6CM0KN1FK695968,1048,BLACK,NISSAN,NV CARGO NV2500 HD,01/01/2021,-
TEMP_K697929,2016,TX,5839,12032906,3N6CM0KNXGK697929,1021AC,WHITE,NISSAN,NV200,01/01/2021,-
TEMP_K700274,2014,TX,5803,12032908,3N6CM0KN8EK700274,1024,BLACK,NISSAN,NV CARGO NV2500 HD,01/01/2021,-
TEMP_K701412,2015,TX,5839,12032918,3N6CM0KN8FK701412,1044,BLACK,NISSAN,NV CARGO NV2500 HD,01/01/2021,-
TEMP_K701733,2014,TX,5803,13655738,3N6CM0KN8EK701733,1072,WHITE,NISSAN,NV200,01/01/2021,-
TEMP_K706445,2021,TX,5828,-,3N6CM0KN8MK706445,C21176,WHITE,NISSAN,NV200,01/01/2021,-
TEMP_K707401,2017,TX,5801,12032903,3N6CM0KN1HK707401,1018,BLACK,NISSAN,NV200,01/01/2021,-
TEMP_N1134664,2022,TX,G21267,-,1GCGSCEA9N1134664,G21267,BLACK,CHEVROLET,COLORADO,01/01/2021,-
TEMP_V29008,2021,TX,P21103,-,ZFBHRFAB5M6V29008,P21103,WHITE,RAM,PROMASTER CITY,01/01/2021,-
TEMP_V31672,2021,TX,P21102,-,ZFBHRFAB4M6V31672,P21102,BLACK,RAM,PROMASTER CITY,01/01/2021,-
TEMP_Y331565,2021,TX,5894,-,3N1AB8CV9MY331565,C21300,WHITE,NISSAN,SENTRA,01/01/2021,-
TK183OEN,2020,IN,5916,-,3N6CM0KN3LK694848,1019,WHITE,NISSAN,NV200,01/01/2021,-
TK816NZE,2020,IN,5916,3301170142,3N6CM0KNXLK709538,P20031,BLACK,NISSAN,NV200,01/01/2021,-
TKQ164,2020,SC,5876,-,3N6CM0KN6LK696299,2006,BLACK,NISSAN,NV200,01/01/2021,-
UAT5214,2021,VA,5825,-,JN8AT3BA9MW013100,M21067,BLACK,NISSAN,ROGUE,01/01/2021,-
UB19034,2020,VA,5825,3301170158,1N6BF0KM4LN802045,112,WHITE,NISSAN,NV CARGO NV1500,01/01/2021,-
UCH845,2021,SC,5852,3301163782,3N6CM0KN3MK695256,P21015,BLACK,NISSAN,NV200,01/01/2021,-
UDR791,2021,SC,5846,G503100917406,3N6CM0KN3MK694849,P21018,WHITE,NISSAN,NV200,01/01/2021,-
UDY9368,2018,VA,5825,3301163774,3N6CM0KN0JK697882,1079,BLACK,NISSAN,NV200,01/01/2021,-
UEF5557,2021,VA,5899,3301163784,3N6CM0KN6MK690598,P21061,BLACK,NISSAN,NV200,01/01/2021,-
UHC9462,2020,VA,5823,G503100917411,KNMAT2MVXLP543252,P20020,WHITE,NISSAN,ROGUE,01/01/2021,-
UIY887,2021,SC,5937,-,3GNAXHEV9MS149998,P21079,BLACK,CHEVROLET,EQUINOX,01/01/2021,-
UJP8667,2020,VA,9713,G503100917414,KNMAT2MV1LP524279,1301,BLACK,NISSAN,ROGUE,01/01/2021,-
ULP7614,2020,VA,5825,3301170171,3N6CM0KN4LK693658,2505,WHITE,NISSAN,NV200,01/01/2021,-
ULT3578,2019,VA,5823,G503100917412,3N6CM0KNXKK705634,2509,BLACK,NISSAN,NV200,01/01/2021,-
UMH8707,2018,VA,5825,3301170168,KNMAT2MV4JP591536,2502,WHITE,NISSAN,ROGUE,01/01/2021,-
UMN7251,2019,VA,5823,G503100917409,3N6CM0KN8KK708662,2503,WHITE,NISSAN,NV200,01/01/2021,-
UMS4968,2017,VA,5825,3301163773,3N6CM0KN4HK714029,1066,BLACK,NISSAN,NV200,01/01/2021,-
UUG400,2021,SC,5854,-,3N6CM0KN4MK700030,C21088,BLACK,NISSAN,NV200,01/01/2021,-
UUG401,2021,SC,5877,-,3N6CM0KN6MK700014,C21089,WHITE,NISSAN,NV200,01/01/2021,-
UWW7092,2018,VA,5825,3301170165,3N6CM0KN4JK697819,1087,BLACK,NISSAN,NV200,01/01/2021,-
UWW7095,2018,VA,5825,3301170164,3N6CM0KN8JK697726,1083,BLACK,NISSAN,NV200,01/01/2021,-
UXL2254,2017,PA,5870,G503100917398,3N6CM0KN0HK694250,1064,WHITE,NISSAN,NV200,01/01/2021,-
UXL2255,2017,VA,5825,3301170163,3N6CM0KN3HK714183,1065AC,WHITE,NISSAN,NV200,01/01/2021,-
V39223,2021,TX,5894,02110965,ZFBHRFAB4M6V39223,C21193,WHITE,PROMASTER CITY,RAM,02/23/2022,-
WFA7DB,2021,AZ,5914,-,3N6CM0KNXMK693794,P21011,WHITE,NISSAN,NV200,01/01/2021,-
XJZU72,2020,NJ,5856,3301170157,3N6CM0KN3LK696521,2004,BLACK,NISSAN,NV200,01/01/2021,-
ZSP7018,2021,PA,5870,G503100917399,3N6CM0KNXMK694962,P21012,WHITE,NISSAN,NV200,01/01/2021,-
ZSP7021,2021,PA,5870,G503100917401,3N6CM0KN7MK693056,P21017,WHITE,NISSAN,NV200,01/01/2021,-
